Name,Roll_No,DOB,Maths,Physics,Chemistry,English,Biology,Economics,History,Civics
John,101,5/4/1988,55,45,56,87,21,52,89,65
Suresh,102,4/5/1987,75,96,78,64,90,61,58,2
Ramesh,103,25-05-1989,25,54,89,76,95,87,56,74
Jessica,104,12/8/1990,78,96,86,63,54,89,75,45
Jennifer,105,2/9/1989,58,96,78,46,96,77,83,53
Annu,106,5/4/1988,45,87,52,89,55,89,87,52
pooja,107,4/5/1987,55,64,61,58,75,58,64,61
Ritesh,108,25-05-1989,54,76,87,56,25,56,76,87
Farha,109,12/8/1990,55,63,89,75,78,75,63,89
Mukesh,110,2/9/1989,96,46,77,83,58,83,46,77
